<?xml version="1.0" encoding="utf-8"?>
<doctrine-mapping 
    xmlns="http://doctrine-project.org/schemas/orm/doctrine-mapping" 
    xmlns:xsi="http://www.w3.org/2001/XMLSchema-instance" 
    xsi:schemaLocation="http://doctrine-project.org/schemas/orm/doctrine-mapping http://doctrine-project.org/schemas/orm/doctrine-mapping.xsd"
    xmlns:gedmo="http://gediminasm.org/schemas/orm/doctrine-extensions-mapping">
    
    <entity repository-class="ModelBundle\Entity\ProgramacionRepository" name="ModelBundle\Entity\Programacion" table="programacion">
        <id name="id" type="integer" column="id">
            <generator strategy="AUTO"/>
        </id>

        <many-to-one field="centro_recoleccion" target-entity="ModelBundle\Entity\CentroRecoleccion" inversed-by="programaciones" orphan-removal="true">
            <join-column name="centro_recoleccion_id" referenced-column-name="id" on-delete="restrict" on-update="cascade" nullable="0"/>
        </many-to-one>
        
        <many-to-one field="gestor_ambiental" target-entity="ModelBundle\Entity\User" inversed-by="programaciones" orphan-removal="true">
            <join-column name="gestor_ambiental_id" referenced-column-name="id" on-delete="restrict" on-update="cascade" nullable="0"/>
        </many-to-one>
        
        <one-to-many field="tipos_residuos_transporte" target-entity="ModelBundle\Entity\TipoResiduoTransporte" mapped-by="programacion" orphan-removal="true">
            <cascade>
                <cascade-all/>
            </cascade>
            <order-by>
                <order-by-field name="id" direction="ASC" />
            </order-by>
        </one-to-many>
        <field name="observacion" type="text" column="observacion" nullable="1"/>
        
        <field name="pesado_en_centro_recoleccion" type="boolean" column="pesado_en_centro_recoleccion" nullable="1"/>
        <field name="fechaCreacion" type="datetime" column="fecha_creacion">
            <gedmo:timestampable on="create"/>
        </field>
        
        <field name="fechaActualizacion" type="datetime" column="fecha_actualizacion">
            <gedmo:timestampable on="update"/>
        </field>
    </entity>
</doctrine-mapping>