<?xml version="1.0" encoding="utf-8"?>
<doctrine-mapping 
    xmlns="http://doctrine-project.org/schemas/orm/doctrine-mapping" 
    xmlns:xsi="http://www.w3.org/2001/XMLSchema-instance" 
    xsi:schemaLocation="http://doctrine-project.org/schemas/orm/doctrine-mapping http://doctrine-project.org/schemas/orm/doctrine-mapping.xsd"
    xmlns:gedmo="http://gediminasm.org/schemas/orm/doctrine-extensions-mapping">
    
    <entity repository-class="ModelBundle\Entity\RecoleccionRepository" name="ModelBundle\Entity\Recoleccion" table="recoleccion">
        <id name="id" type="integer" column="id">
            <generator strategy="AUTO"/>
        </id>
        
        <many-to-one field="tipo_residuo_transporte" target-entity="ModelBundle\Entity\TipoResiduoTransporte" inversed-by="recolecciones" orphan-removal="true">
            <join-column name="tipo_residuo_transporte_id" referenced-column-name="id" on-delete="restrict" on-update="cascade" nullable="0"/>
        </many-to-one>
        <field name="fecha_programacion" type="datetime" column="fecha_programacion"/>
        <field name="fecha_recoleccion_ejecutada" type="datetime" column="fecha_recoleccion_ejecutada"/>
        <one-to-one field="recoleccion_volqueta" target-entity="ModelBundle\Entity\RecoleccionVolqueta" mapped-by="recoleccion" />
        <one-to-one field="recoleccion_contenedor" target-entity="ModelBundle\Entity\RecoleccionContenedor" mapped-by="recoleccion" />
        <field name="manifiesto_transporte" type="text" column="manifiesto_transporte" nullable="1"/>
        <one-to-many field="residuos" target-entity="ModelBundle\Entity\ResiduoRecoleccion" mapped-by="recoleccion" orphan-removal="true">
            <cascade>
                <cascade-all/>
            </cascade>
            <order-by>
                <order-by-field name="id" direction="ASC" />
            </order-by>
        </one-to-many>
        <field name="fechaCreacion" type="datetime" column="fecha_creacion">
            <gedmo:timestampable on="create"/>
        </field>
        <field name="fechaActualizacion" type="datetime" column="fecha_actualizacion">
            <gedmo:timestampable on="update"/>
        </field>
        
    </entity>
</doctrine-mapping>