<?xml version="1.0" encoding="utf-8"?>
<doctrine-mapping 
    xmlns="http://doctrine-project.org/schemas/orm/doctrine-mapping" 
    xmlns:xsi="http://www.w3.org/2001/XMLSchema-instance" 
    xsi:schemaLocation="http://doctrine-project.org/schemas/orm/doctrine-mapping http://doctrine-project.org/schemas/orm/doctrine-mapping.xsd"
    xmlns:gedmo="http://gediminasm.org/schemas/orm/doctrine-extensions-mapping">
    
    <entity repository-class="ModelBundle\Entity\ReporteRepository" name="ModelBundle\Entity\Reporte" table="reporte">
        <id name="id" type="integer" column="id">
            <generator strategy="AUTO"/>
        </id>
        
        <field name="consultaReporte" type="text" column="consulta_reporte"/>
        
        <field name="fechaCreacion" type="datetime" column="fecha_creacion">
            <gedmo:timestampable on="create"/>
        </field>
        
        <many-to-one field="usuario" target-entity="ModelBundle\Entity\User" inversed-by="reportes" orphan-removal="true">
            <join-column name="usuario_id" referenced-column-name="id" on-delete="restrict" on-update="cascade" nullable="0"/>
        </many-to-one>
    </entity>
</doctrine-mapping>