<?xml version="1.0" encoding="utf-8"?>
<doctrine-mapping 
    xmlns="http://doctrine-project.org/schemas/orm/doctrine-mapping" 
    xmlns:xsi="http://www.w3.org/2001/XMLSchema-instance" 
    xsi:schemaLocation="http://doctrine-project.org/schemas/orm/doctrine-mapping http://doctrine-project.org/schemas/orm/doctrine-mapping.xsd"
    xmlns:gedmo="http://gediminasm.org/schemas/orm/doctrine-extensions-mapping">
    
    <entity repository-class="ModelBundle\Entity\ResiduoRecoleccionRepository" name="ModelBundle\Entity\ResiduoRecoleccion" table="residuo_recoleccion">
        <id name="id" type="integer" column="id">
            <generator strategy="AUTO"/>
        </id>
        <many-to-one field="recoleccion" target-entity="ModelBundle\Entity\Recoleccion" inversed-by="residuos" orphan-removal="true">
            <join-column name="recoleccion_id" referenced-column-name="id" on-delete="restrict" on-update="cascade" nullable="0"/>
        </many-to-one>
        <many-to-one field="residuo" target-entity="ModelBundle\Entity\Residuo" inversed-by="residuos_recoleccion" orphan-removal="true">
            <join-column name="residuo_id" referenced-column-name="id" on-delete="restrict" on-update="cascade" nullable="0"/>
        </many-to-one>
        <many-to-one field="disposicion" target-entity="ModelBundle\Entity\Disposicion" inversed-by="residuos_recoleccion" orphan-removal="true">
            <join-column name="disposicion_id" referenced-column-name="id" on-delete="restrict" on-update="cascade" nullable="1"/>
        </many-to-one>
        <many-to-one field="empresa_recolectora_residuos" target-entity="ModelBundle\Entity\EmpresaRecolectoraResiduos" inversed-by="residuos_recoleccion" orphan-removal="true">
            <join-column name="empresa_recolectora_residuos_id" referenced-column-name="id" on-delete="restrict" on-update="cascade" nullable="0"/>
        </many-to-one>
        <field name="reciclabe" type="boolean" column="reciclabe" />
        <field name="densidad" type="float" column="densidad" nullable="1" />
        <field name="peso" type="float" column="peso" nullable="1"/>
        <field name="precio" type="float" column="precio" nullable="1"/>
        <field name="fechaCreacion" type="datetime" column="fecha_creacion">
            <gedmo:timestampable on="create"/>
        </field>
        <field name="fechaActualizacion" type="datetime" column="fecha_actualizacion">
            <gedmo:timestampable on="update"/>
        </field>
        
    </entity>
</doctrine-mapping>