<?xml version="1.0" encoding="utf-8"?>
<doctrine-mapping 
    xmlns="http://doctrine-project.org/schemas/orm/doctrine-mapping" 
    xmlns:xsi="http://www.w3.org/2001/XMLSchema-instance" 
    xsi:schemaLocation="http://doctrine-project.org/schemas/orm/doctrine-mapping http://doctrine-project.org/schemas/orm/doctrine-mapping.xsd"
    xmlns:gedmo="http://gediminasm.org/schemas/orm/doctrine-extensions-mapping">
    
    <entity repository-class="ModelBundle\Entity\SeguimientoPMIRSRepository" name="ModelBundle\Entity\SeguimientoPMIRS" table="seguimiento_pmirs">
        <id name="id" type="integer" column="id">
            <generator strategy="AUTO"/>
        </id>
        <field name="cumple_seguimiento" type="boolean" column="cumple_seguimiento" nullable="1"/>
        <field name="conclusiones" type="text" column="conclusiones" nullable="1"/>
        <field name="fecha_ejecucion" type="datetime" column="fecha_ejecucion"/>
        <field name="atendio" type="string" column="atendio" length="255"/>
        <field name="elaboro" type="string" column="elaboro" length="255"/>
        <field name="archivoEncuesta" type="string" column="archivoEncuesta" nullable="1" length="255"/>
        <many-to-one field="centro_recoleccion" target-entity="ModelBundle\Entity\CentroRecoleccion" inversed-by="seguimientos" orphan-removal="true">
            <join-column name="centro_recoleccion_id" referenced-column-name="id" on-delete="restrict" on-update="cascade" nullable="0"/>
        </many-to-one>
        
        <field name="fechaCreacion" type="datetime" column="fecha_creacion">
            <gedmo:timestampable on="create"/>
        </field>
        
        <field name="fechaActualizacion" type="datetime" column="fecha_actualizacion">
            <gedmo:timestampable on="update"/>
        </field>
        
        <one-to-many field="preguntas" target-entity="ModelBundle\Entity\PreguntaSeguimiento" mapped-by="seguimiento" orphan-removal="true">
            <cascade>
                <cascade-persist/>
            </cascade>
            <order-by>
                <order-by-field name="id" direction="ASC" />
            </order-by>
        </one-to-many>
    </entity>
</doctrine-mapping>