<?xml version="1.0" encoding="utf-8"?>
<doctrine-mapping 
    xmlns="http://doctrine-project.org/schemas/orm/doctrine-mapping" 
    xmlns:xsi="http://www.w3.org/2001/XMLSchema-instance" 
    xsi:schemaLocation="http://doctrine-project.org/schemas/orm/doctrine-mapping http://doctrine-project.org/schemas/orm/doctrine-mapping.xsd"
    xmlns:gedmo="http://gediminasm.org/schemas/orm/doctrine-extensions-mapping">
    
    <entity repository-class="ModelBundle\Entity\SoporteRepository" name="ModelBundle\Entity\Soporte" table="soporte">
        <id name="id" type="integer" column="id">
            <generator strategy="AUTO"/>
        </id>
        
        <field name="descripcion" type="text" column="descripcion"/>
        <field name="archivoSoporte" type="string" column="archivo_soporte" length="225" nullable="1"/>
        
        <field name="fechaCreacion" type="datetime" column="fecha_creacion">
            <gedmo:timestampable on="create"/>
        </field>
        
        <field name="fechaActualizacion" type="datetime" column="fecha_actualizacion">
            <gedmo:timestampable on="update"/>
        </field>
        
        <many-to-one field="cliente" target-entity="ModelBundle\Entity\Cliente" inversed-by="soportes" orphan-removal="true">
            <join-column name="cliente_id" referenced-column-name="id" on-delete="restrict" on-update="cascade" nullable="0"/>
        </many-to-one>
        
        <many-to-one field="tipoSoporte" target-entity="ModelBundle\Entity\TipoSoporte" inversed-by="soportes" orphan-removal="true">
            <join-column name="tipo_soporte_id" referenced-column-name="id" on-delete="restrict" on-update="cascade" nullable="0"/>
        </many-to-one>
        
    </entity>
</doctrine-mapping>
