<?xml version="1.0" encoding="utf-8"?>
<doctrine-mapping 
    xmlns="http://doctrine-project.org/schemas/orm/doctrine-mapping" 
    xmlns:xsi="http://www.w3.org/2001/XMLSchema-instance" 
    xsi:schemaLocation="http://doctrine-project.org/schemas/orm/doctrine-mapping http://doctrine-project.org/schemas/orm/doctrine-mapping.xsd"
    xmlns:gedmo="http://gediminasm.org/schemas/orm/doctrine-extensions-mapping">
    
    <entity repository-class="ModelBundle\Entity\TipoResiduoTransporteRepository" name="ModelBundle\Entity\TipoResiduoTransporte" table="tipo_residuo_transporte">
        <id name="id" type="integer" column="id">
            <generator strategy="AUTO"/>
        </id>
        <many-to-one field="programacion" target-entity="ModelBundle\Entity\Programacion" inversed-by="tipos_residuos_transporte" orphan-removal="true">
            <join-column name="programacion_id" referenced-column-name="id" on-delete="restrict" on-update="cascade" nullable="0"/>
        </many-to-one>
        <many-to-one field="tipo_residuo" target-entity="ModelBundle\Entity\TipoResiduo" inversed-by="tipos_residuos_transporte" orphan-removal="true">
            <join-column name="tipo_residuo_id" referenced-column-name="id" on-delete="restrict" on-update="cascade" nullable="0"/>
        </many-to-one>
        <field name="validado" type="boolean" column="validado" nullable="1"/>
        <field name="certificado_disposicion" type="text" column="certificado_disposicion" nullable="1"/>
        <field name="fechaCreacion" type="datetime" column="fecha_creacion">
            <gedmo:timestampable on="create"/>
        </field>
        <one-to-many field="recolecciones" target-entity="ModelBundle\Entity\Recoleccion" mapped-by="tipo_residuo_transporte" orphan-removal="true">
            <cascade>
                <cascade-all/>
            </cascade>
            <order-by>
                <order-by-field name="id" direction="ASC" />
            </order-by>
        </one-to-many>
        <field name="fechaActualizacion" type="datetime" column="fecha_actualizacion">
            <gedmo:timestampable on="update"/>
        </field>
        
    </entity>
</doctrine-mapping>