<?xml version="1.0" encoding="utf-8"?>
<doctrine-mapping 
    xmlns="http://doctrine-project.org/schemas/orm/doctrine-mapping" 
    xmlns:xsi="http://www.w3.org/2001/XMLSchema-instance" 
    xsi:schemaLocation="http://doctrine-project.org/schemas/orm/doctrine-mapping http://doctrine-project.org/schemas/orm/doctrine-mapping.xsd"
    xmlns:gedmo="http://gediminasm.org/schemas/orm/doctrine-extensions-mapping">
    
    <entity repository-class="ModelBundle\Entity\TipoResiduoRepository" name="ModelBundle\Entity\TipoResiduo" table="tipo_residuo">
        <id name="id" type="integer" column="id">
            <generator strategy="AUTO"/>
        </id>
        
        <field name="codigo" type="string" column="codigo" length="150" nullable="1"/>
        <field name="nombre" type="string" column="nombre" length="150"/>
        <field name="slug" type="string" length="150" unique="true">
            <gedmo:slug unique="true" style="lower" updatable="false" separator="_" fields="nombre" />
        </field>
        <field name="color" type="string" column="Color" nullable="0" length="7"/>
        <field name="usa_contenedor" type="boolean" column="usa_contenedor" nullable="1"/>
        <field name="usa_volqueta" type="boolean" column="usa_volqueta" nullable="1"/>
        <field name="validar_disposicion" type="boolean" column="validar_disposicion" />
        <many-to-one field="disposicion" target-entity="ModelBundle\Entity\Disposicion" inversed-by="tipos_residuo" orphan-removal="true">
            <join-column name="disposicion_id" referenced-column-name="id" on-delete="restrict" on-update="cascade" nullable="0"/>
        </many-to-one>
        <one-to-many field="residuos" target-entity="ModelBundle\Entity\Residuo" mapped-by="tipo_residuo" orphan-removal="true">
            <cascade>
                <cascade-persist/>
            </cascade>
            <order-by>
                <order-by-field name="id" direction="ASC" />
            </order-by>
        </one-to-many>
        
        <one-to-many field="tipos_residuos_transporte" target-entity="ModelBundle\Entity\TipoResiduoTransporte" mapped-by="tipo_residuo" orphan-removal="true">
            <cascade>
                <cascade-persist/>
            </cascade>
            <order-by>
                <order-by-field name="id" direction="ASC" />
            </order-by>
        </one-to-many>
        <field name="fechaCreacion" type="datetime" column="fecha_creacion">
            <gedmo:timestampable on="create"/>
        </field>
        <field name="fechaActualizacion" type="datetime" column="fecha_actualizacion">
            <gedmo:timestampable on="update"/>
        </field>
    </entity>
</doctrine-mapping>