<?xml version="1.0" encoding="utf-8"?>
<doctrine-mapping 
    xmlns="http://doctrine-project.org/schemas/orm/doctrine-mapping" 
    xmlns:xsi="http://www.w3.org/2001/XMLSchema-instance" 
    xsi:schemaLocation="http://doctrine-project.org/schemas/orm/doctrine-mapping http://doctrine-project.org/schemas/orm/doctrine-mapping.xsd"
    xmlns:gedmo="http://gediminasm.org/schemas/orm/doctrine-extensions-mapping">
    
    <entity repository-class="ModelBundle\Entity\ZonaRepository" name="ModelBundle\Entity\Zona" table="zona">
        <id name="id" type="integer" column="id">
            <generator strategy="AUTO"/>
        </id>
        <field name="nombre" type="string" column="nombre"/>
        <many-to-one field="municipio" target-entity="ModelBundle\Entity\Municipio" inversed-by="zonas" orphan-removal="true">
            <join-column name="municipio_id" referenced-column-name="id" on-delete="restrict" on-update="cascade" nullable="0"/>
        </many-to-one>
        <one-to-many field="clientes" target-entity="ModelBundle\Entity\Cliente" mapped-by="zona" />
    </entity>
</doctrine-mapping>